date_of_interest,CASE_COUNT,PROBABLE_CASE_COUNT,HOSPITALIZED_COUNT,DEATH_COUNT,PROBABLE_DEATH_COUNT,CASE_COUNT_7DAY_AVG,ALL_CASE_COUNT_7DAY_AVG,HOSP_COUNT_7DAY_AVG,DEATH_COUNT_7DAY_AVG,ALL_DEATH_COUNT_7DAY_AVG,BX_CASE_COUNT,BX_PROBABLE_CASE_COUNT,BX_HOSPITALIZED_COUNT,BX_DEATH_COUNT,BX_PROBABLE_DEATH_COUNT,BX_CASE_COUNT_7DAY_AVG,BX_PROBABLE_CASE_COUNT_7DAY_AVG,BX_ALL_CASE_COUNT_7DAY_AVG,BX_HOSPITALIZED_COUNT_7DAY_AVG,BX_DEATH_COUNT_7DAY_AVG,BX_ALL_DEATH_COUNT_7DAY_AVG,BK_CASE_COUNT,BK_PROBABLE_CASE_COUNT,BK_HOSPITALIZED_COUNT,BK_DEATH_COUNT,BK_PROBABLE_DEATH_COUNT,BK_CASE_COUNT_7DAY_AVG,BK_PROBABLE_CASE_COUNT_7DAY_AVG,BK_ALL_CASE_COUNT_7DAY_AVG,BK_HOSPITALIZED_COUNT_7DAY_AVG,BK_DEATH_COUNT_7DAY_AVG,BK_ALL_DEATH_COUNT_7DAY_AVG,MN_CASE_COUNT,MN_PROBABLE_CASE_COUNT,MN_HOSPITALIZED_COUNT,MN_DEATH_COUNT,MN_PROBABLE_DEATH_COUNT,MN_CASE_COUNT_7DAY_AVG,MN_PROBABLE_CASE_COUNT_7DAY_AVG,MN_ALL_CASE_COUNT_7DAY_AVG,MN_HOSPITALIZED_COUNT_7DAY_AVG,MN_DEATH_COUNT_7DAY_AVG,MN_ALL_DEATH_COUNT_7DAY_AVG,QN_CASE_COUNT,QN_PROBABLE_CASE_COUNT,QN_HOSPITALIZED_COUNT,QN_DEATH_COUNT,QN_PROBABLE_DEATH_COUNT,QN_CASE_COUNT_7DAY_AVG,QN_PROBABLE_CASE_COUNT_7DAY_AVG,QN_ALL_CASE_COUNT_7DAY_AVG,QN_HOSPITALIZED_COUNT_7DAY_AVG,QN_DEATH_COUNT_7DAY_AVG,QN_ALL_DEATH_COUNT_7DAY_AVG,SI_CASE_COUNT,SI_PROBABLE_CASE_COUNT,SI_HOSPITALIZED_COUNT,SI_DEATH_COUNT,SI_PROBABLE_DEATH_COUNT,SI_CASE_COUNT_7DAY_AVG,SI_PROBABLE_CASE_COUNT_7DAY_AVG,SI_ALL_CASE_COUNT_7DAY_AVG,SI_HOSPITALIZED_COUNT_7DAY_AVG,SI_DEATH_COUNT_7DAY_AVG,SI_ALL_DEATH_COUNT_7DAY_AVG,INCOMPLETE
08/15/2021,1137,330,106,6,1,1545,1920,118,7,8,140,55,15,1,0,228,70,298,26,1,1,417,97,38,2,1,504,108,613,36,2,3,196,57,21,1,0,282,67,349,16,2,2,303,85,25,1,0,391,101,493,32,2,2,81,36,8,1,0,138,27,166,10,0,0,0
08/16/2021,1918,515,122,6,0,1550,1935,117,7,8,327,120,27,1,0,234,75,309,25,1,1,622,142,36,2,0,504,112,616,35,2,3,347,79,15,1,0,288,68,356,16,1,2,480,123,42,0,0,389,101,490,32,1,1,142,51,7,2,0,134,29,163,11,1,1,0
08/17/2021,1736,439,128,15,1,1561,1945,119,8,9,295,80,32,7,0,238,75,313,25,2,2,591,137,36,3,0,513,112,625,36,2,2,297,82,15,1,0,287,69,356,15,1,2,419,105,34,3,1,391,97,489,33,2,2,133,35,13,1,0,131,31,162,12,1,1,0
08/18/2021,1811,460,112,13,1,1570,1981,116,9,10,273,88,25,1,0,240,81,320,24,2,2,554,135,35,4,0,514,120,634,35,3,3,362,92,16,0,0,289,75,364,16,1,1,459,113,26,5,1,394,102,496,31,2,2,162,32,12,3,0,133,32,165,11,1,1,0
08/19/2021,1682,441,91,13,1,1560,1983,112,10,11,265,90,20,2,0,244,84,328,24,2,2,543,122,24,7,0,509,123,633,35,4,4,317,89,11,0,1,288,77,365,15,1,1,418,107,25,2,0,389,105,494,30,2,3,136,33,10,2,0,128,34,162,10,1,1,0
08/20/2021,1547,394,113,5,2,1553,1967,109,10,11,284,89,36,0,0,247,83,330,25,2,2,503,107,27,2,2,510,119,630,32,3,4,285,73,17,0,0,287,77,364,15,1,1,348,92,25,3,0,383,100,482,28,2,3,125,33,11,0,0,125,35,160,11,1,1,0
08/21/2021,1081,319,112,16,0,1559,1973,112,11,11,179,78,27,1,0,252,86,338,26,2,2,333,78,30,7,0,509,117,626,32,4,4,179,65,19,1,0,283,77,360,16,1,1,272,75,33,7,0,386,100,486,30,3,3,118,23,4,0,0,128,35,163,9,1,1,0
08/22/2021,715,210,102,9,2,1499,1895,111,11,12,104,46,22,3,0,247,84,331,27,2,2,274,50,31,4,2,489,110,599,31,4,5,97,50,16,0,0,269,76,345,16,0,1,156,49,28,0,0,365,95,459,30,3,3,84,15,7,2,0,129,32,160,9,1,1,0
08/23/2021,1947,467,112,12,0,1503,1893,110,12,13,290,99,34,1,0,241,81,323,28,2,2,640,140,26,5,0,491,110,601,30,5,5,363,105,17,0,0,271,79,351,16,0,0,493,100,29,5,0,366,92,458,29,4,4,161,23,7,1,0,131,28,159,9,1,1,0
08/24/2021,1826,419,101,11,1,1516,1903,106,11,12,298,83,18,3,0,242,82,324,26,2,2,611,133,34,3,1,494,109,603,30,5,5,344,100,13,1,0,278,82,360,16,0,0,405,82,32,2,0,364,88,453,28,3,4,168,21,5,2,0,136,26,162,8,1,1,0
08/25/2021,1767,452,107,8,0,1509,1895,105,11,11,284,72,27,3,0,243,80,323,26,2,2,567,154,31,4,0,496,112,608,29,5,5,360,101,17,1,0,278,83,361,16,0,1,386,99,31,0,0,354,86,440,29,3,3,169,26,4,0,0,137,25,162,7,1,1,0
08/26/2021,1632,421,102,13,1,1502,1885,107,11,11,253,71,25,2,0,242,77,319,27,2,2,522,134,33,4,1,493,114,607,30,4,5,320,103,10,2,0,278,85,364,16,1,1,386,76,31,2,0,349,82,431,30,3,3,150,37,8,3,0,139,25,165,7,1,1,0
08/27/2021,1438,396,102,9,1,1487,1870,105,11,12,241,88,25,0,0,236,77,312,25,2,2,459,119,32,4,0,487,115,602,31,4,5,261,62,13,1,1,275,84,359,15,1,1,345,96,25,4,0,349,82,431,30,3,3,132,31,9,0,0,140,25,165,6,1,1,0
08/28/2021,976,318,78,14,0,1472,1855,101,11,12,172,70,13,1,0,235,76,310,23,2,2,291,85,21,7,0,481,116,597,30,4,5,150,66,14,1,0,271,84,355,14,1,1,251,72,30,4,0,346,82,428,29,2,2,112,25,3,1,0,139,25,165,6,1,1,0
08/29/2021,979,257,85,13,1,1509,1899,98,11,12,138,50,25,2,0,239,76,316,24,2,2,338,75,23,7,1,490,120,610,29,5,5,154,44,11,0,0,279,83,362,14,1,1,258,69,22,3,0,361,85,445,29,3,3,91,19,8,1,0,140,26,166,6,1,1,0
08/30/2021,1829,443,120,13,1,1492,1879,99,12,12,305,90,33,1,0,242,75,316,24,2,2,579,136,37,4,1,481,119,600,30,5,5,370,93,13,1,0,280,81,361,13,1,1,392,85,31,6,0,346,83,429,29,3,3,182,39,8,1,0,143,28,172,6,1,1,0
08/31/2021,1617,372,118,10,1,1463,1842,102,11,12,258,86,31,1,0,236,75,311,26,1,1,528,99,29,3,1,469,115,584,29,5,5,303,85,25,2,0,274,79,353,15,1,1,326,72,24,2,0,335,81,416,28,3,3,202,30,12,2,0,148,30,178,7,1,1,0
09/01/2021,1551,336,121,13,0,1432,1795,104,12,13,223,82,30,3,0,227,77,304,26,1,1,485,112,30,2,0,457,109,566,29,4,5,344,67,19,2,0,272,74,346,15,1,1,359,60,37,6,0,331,76,407,29,4,4,140,15,10,0,0,144,28,172,8,1,1,0
09/02/2021,1425,338,92,11,2,1402,1754,102,12,13,212,82,32,2,0,221,78,300,27,1,1,475,93,19,3,2,451,103,553,27,4,5,262,64,7,3,0,263,69,332,15,1,2,303,71,24,3,0,319,75,394,28,4,4,173,28,11,0,0,147,27,174,9,1,1,0
09/03/2021,1411,340,74,8,0,1398,1742,98,12,12,216,72,17,3,0,218,76,294,26,2,2,427,119,24,3,0,446,103,549,26,4,5,240,54,9,1,0,260,68,328,14,1,1,330,71,22,0,0,317,71,388,27,3,3,197,24,4,1,0,157,26,182,8,1,1,0
09/04/2021,901,257,100,12,1,1388,1722,101,11,12,126,46,22,3,0,211,73,284,27,2,2,252,79,31,4,0,441,102,542,28,4,4,153,51,11,1,0,261,65,326,14,1,1,260,60,32,3,0,318,70,388,27,3,3,110,21,6,1,1,156,25,182,8,1,1,0
09/05/2021,944,266,71,12,3,1383,1719,99,11,12,136,49,16,3,0,211,72,283,26,2,2,330,95,22,2,2,439,105,544,27,3,4,153,49,8,3,0,261,66,327,13,2,2,215,52,18,3,1,312,67,379,27,3,3,110,21,7,1,0,159,25,185,8,1,1,0
09/06/2021,940,275,74,17,1,1256,1568,93,12,13,164,59,19,5,0,191,68,259,24,3,3,272,90,20,6,1,396,98,494,25,3,4,177,42,11,0,0,233,59,292,13,2,2,229,59,22,5,0,289,64,352,26,3,3,98,25,6,1,0,147,23,171,8,1,1,0
09/07/2021,1559,382,105,7,0,1247,1561,91,11,12,285,86,19,4,0,195,68,263,22,3,3,433,111,26,2,0,382,100,482,25,3,4,298,70,26,0,0,232,57,289,13,1,1,370,83,27,1,0,295,65,360,26,3,3,171,32,7,0,0,143,24,166,7,1,1,0
09/08/2021,1581,393,95,20,0,1252,1573,87,12,13,234,60,22,1,0,196,65,261,21,3,3,461,106,29,8,0,379,99,478,24,4,5,366,106,19,3,0,236,62,298,13,2,2,389,92,24,6,0,299,70,369,24,3,3,131,29,3,2,0,141,26,167,6,1,1,0
09/09/2021,1707,393,92,18,1,1292,1621,87,13,14,241,60,38,3,0,200,62,262,22,3,3,630,104,21,3,1,401,101,501,25,4,5,307,115,10,3,0,242,70,312,13,2,2,399,94,18,8,0,313,73,386,23,4,4,129,20,8,1,0,135,25,160,6,1,1,0
09/10/2021,1537,417,93,15,0,1310,1650,90,14,15,231,93,26,2,0,202,65,267,23,3,3,502,119,27,6,0,411,101,512,25,4,5,295,92,9,1,0,250,75,325,13,2,2,376,83,26,6,0,320,75,394,24,5,5,133,30,6,0,0,126,25,151,6,1,1,0
09/11/2021,1033,321,80,15,0,1329,1678,87,15,16,139,62,14,1,0,204,67,271,22,3,3,335,116,25,8,0,423,106,529,24,5,6,166,54,11,0,0,252,75,327,13,1,1,288,73,22,5,0,324,77,400,22,5,5,104,16,8,1,0,125,25,150,6,1,1,0
09/12/2021,1207,346,86,12,0,1366,1727,89,15,15,127,70,15,3,0,203,70,273,22,3,3,504,137,28,2,0,448,112,560,25,5,5,216,57,14,3,0,261,77,337,14,1,1,258,64,26,3,0,330,78,408,24,5,5,102,18,6,1,0,124,24,148,6,1,1,0
09/13/2021,1723,449,98,12,1,1478,1864,93,14,14,222,72,15,3,1,211,72,283,21,2,3,629,164,30,4,0,499,122,622,27,5,5,362,85,23,1,0,287,83,370,16,2,2,388,95,21,2,0,353,83,436,23,4,4,122,33,9,2,0,127,25,153,7,1,1,0
09/14/2021,1636,441,79,9,1,1489,1883,89,14,15,201,76,12,1,0,199,70,270,20,2,2,606,139,30,6,0,524,126,650,27,5,5,308,98,19,1,1,289,87,375,15,2,2,373,89,16,1,0,353,84,437,22,4,4,147,39,6,0,0,124,26,150,7,1,1,0
09/15/2021,1603,459,91,10,0,1492,1896,88,13,13,231,76,13,0,0,199,73,272,19,2,2,549,144,34,5,0,536,132,668,28,5,5,314,74,7,0,0,281,82,363,13,1,1,354,126,29,4,0,348,89,437,23,4,4,152,39,9,1,0,127,28,155,7,1,1,0
09/16/2021,1383,432,81,11,1,1446,1855,87,12,12,191,76,21,2,0,192,75,267,17,2,2,451,126,18,2,1,511,135,646,27,5,5,285,85,11,1,0,278,78,356,13,1,1,319,109,27,5,0,337,91,428,24,4,4,135,36,7,1,0,128,30,158,7,1,1,0
09/17/2021,1518,449,82,11,0,1443,1857,85,11,12,173,83,13,2,0,183,74,257,15,2,2,558,128,23,6,0,519,136,655,27,5,5,320,99,20,1,0,282,79,360,15,1,1,363,106,25,1,0,335,95,429,24,3,3,104,33,4,1,0,124,31,154,7,1,1,0
09/18/2021,946,348,83,10,1,1431,1849,86,11,11,104,61,17,2,0,178,73,252,15,2,2,355,109,27,1,0,522,135,657,27,4,4,135,51,18,1,0,277,78,356,16,1,1,263,95,22,6,1,331,98,429,24,3,3,88,32,3,0,0,121,33,154,6,1,1,0
09/19/2021,1052,446,71,16,0,1409,1841,84,11,12,139,84,8,2,0,180,75,256,14,2,2,460,139,24,9,0,515,136,651,27,5,5,160,69,14,1,0,269,80,349,16,1,1,214,119,15,4,0,325,106,430,22,3,3,79,35,10,0,0,118,35,153,7,1,1,0
09/20/2021,1632,505,92,15,1,1396,1836,83,12,12,243,113,26,2,0,183,81,264,16,2,2,546,124,24,7,0,504,130,633,26,5,5,289,92,18,1,1,259,81,340,15,1,1,403,140,17,4,0,327,112,439,22,4,4,150,36,8,1,0,122,36,158,7,1,1,0
09/21/2021,1283,461,80,14,0,1345,1788,83,12,13,200,99,17,1,0,183,85,268,16,2,2,389,131,23,4,0,473,129,601,25,5,5,276,89,12,3,0,254,80,334,14,1,1,322,120,23,6,0,320,116,436,23,4,4,95,22,5,0,0,115,33,148,7,1,1,0
09/22/2021,1403,450,94,13,0,1317,1758,83,13,13,204,95,19,2,0,179,87,266,17,2,2,505,132,32,6,0,466,127,593,24,5,5,275,66,13,0,0,249,79,327,15,1,1,306,119,26,5,0,313,115,428,22,4,5,111,38,5,0,0,109,33,142,6,0,0,0
09/23/2021,1275,471,88,11,0,1301,1748,84,13,13,137,96,16,2,0,171,90,262,17,2,2,509,150,36,2,0,475,130,605,27,5,5,215,80,11,1,0,239,78,317,15,1,1,324,119,18,5,0,314,117,430,21,4,5,89,26,9,1,0,102,32,134,6,0,0,0
09/24/2021,1214,438,78,9,2,1258,1703,84,13,13,156,99,10,4,1,169,92,261,16,2,2,450,130,32,2,1,459,131,590,28,4,5,234,59,13,0,0,226,72,299,14,1,1,292,124,24,2,0,303,119,423,21,5,5,79,26,1,1,0,99,31,129,6,0,0,0
09/25/2021,802,329,64,15,1,1237,1680,81,13,14,99,76,14,3,0,168,95,263,16,2,2,308,101,23,5,1,452,130,582,28,5,5,124,53,4,1,0,225,73,297,12,1,1,189,82,19,5,0,293,118,410,20,4,4,81,17,4,1,0,98,29,126,6,1,1,0
09/26/2021,848,348,49,14,1,1208,1637,78,13,14,96,65,9,2,1,162,92,254,16,2,3,330,114,17,5,0,434,126,560,27,4,5,136,54,5,0,0,221,70,292,11,1,1,200,91,14,3,0,291,114,404,20,4,4,86,24,4,4,0,99,27,126,5,1,1,0
09/27/2021,1373,411,71,16,1,1171,1587,75,13,14,181,100,17,5,0,153,90,243,15,3,3,511,119,26,4,0,429,125,554,27,4,4,247,72,6,2,1,215,68,283,9,1,1,324,103,20,5,0,280,108,388,21,4,4,109,17,4,0,0,93,24,117,5,1,1,0
09/28/2021,1111,409,62,13,1,1147,1555,72,13,14,156,106,11,2,0,147,91,238,14,3,3,352,104,16,5,1,424,121,545,26,4,5,211,59,10,2,0,206,63,269,9,1,1,295,111,20,4,0,276,107,383,20,4,4,96,29,6,0,0,93,25,118,5,1,1,0
09/29/2021,1088,411,61,13,1,1102,1504,68,13,14,151,83,16,1,0,139,89,229,13,3,3,364,122,21,3,0,403,120,523,24,4,4,209,69,8,1,0,197,64,260,8,1,1,267,106,13,6,1,270,105,375,18,4,4,96,31,4,2,0,91,24,115,5,1,1,0
09/30/2021,1126,433,55,8,0,1080,1477,63,13,14,148,93,12,0,0,141,89,230,13,2,3,450,145,17,3,0,395,119,514,22,4,4,197,60,6,0,0,194,61,255,7,1,1,238,100,16,4,0,258,102,360,18,4,4,92,35,5,1,0,91,26,117,4,1,1,0
10/01/2021,1080,407,81,7,0,1061,1454,63,12,13,133,75,17,1,0,138,85,223,14,2,2,407,126,28,2,0,389,119,508,21,4,4,211,69,9,1,0,191,62,253,7,1,1,253,111,31,3,0,252,101,353,19,4,4,76,26,2,0,0,91,26,116,4,1,1,0
10/02/2021,666,278,58,12,0,1042,1427,62,12,12,71,46,17,2,0,134,81,215,14,2,2,276,94,13,4,0,384,118,502,20,4,4,119,43,6,0,0,190,61,251,7,1,1,152,78,21,6,0,247,100,347,19,4,5,48,17,4,0,0,86,26,112,4,1,1,0
10/03/2021,890,296,63,12,1,1048,1426,64,12,12,62,47,12,3,0,129,79,207,15,2,2,454,103,27,4,1,402,116,518,21,4,4,88,50,10,3,0,183,60,243,8,1,1,216,74,16,2,0,249,98,347,20,4,4,69,21,2,0,0,84,25,109,4,0,0,0
10/04/2021,1258,425,73,12,1,1031,1411,65,11,12,159,88,15,5,0,126,77,203,14,2,2,509,123,25,3,0,402,117,518,21,3,4,216,66,10,1,0,179,59,238,8,1,1,288,115,20,2,1,244,99,343,20,4,4,86,33,3,1,0,80,27,108,4,1,1,0
10/05/2021,1265,373,67,6,0,1053,1428,65,10,10,169,61,10,1,0,128,70,198,14,2,2,503,136,26,1,0,423,121,545,22,3,3,223,66,13,0,0,180,60,241,9,1,1,264,90,14,3,0,240,96,336,19,4,4,106,20,4,1,0,82,26,108,3,1,1,0
10/06/2021,1139,346,60,15,1,1061,1426,65,10,11,137,59,13,4,1,126,67,193,14,2,2,484,104,10,6,0,440,119,559,21,3,3,216,71,11,2,0,181,61,242,9,1,1,228,93,23,1,0,234,94,329,20,3,3,74,19,7,2,0,79,24,103,4,1,1,0
10/07/2021,1072,380,60,13,0,1053,1411,66,11,11,122,60,15,3,0,122,62,184,14,3,3,404,119,11,2,0,434,115,549,20,3,3,180,73,9,3,0,179,63,242,10,1,1,268,107,18,4,0,238,95,334,20,3,3,98,21,7,1,0,80,22,102,4,1,1,0
10/08/2021,1010,348,42,17,0,1043,1392,60,12,13,126,52,8,0,0,121,59,180,13,3,3,447,107,11,7,0,440,112,552,18,4,4,169,60,11,2,0,173,61,234,10,2,2,191,109,12,6,0,230,95,325,18,3,4,77,20,3,2,0,80,22,101,4,1,1,0
10/09/2021,611,244,67,9,0,1035,1380,62,12,12,66,47,14,0,0,120,59,179,12,2,2,251,94,24,3,0,436,112,548,19,4,4,94,43,10,1,0,169,61,231,11,2,2,145,47,15,4,0,229,91,319,17,3,3,55,13,4,1,0,81,21,102,4,1,1,0
10/10/2021,682,234,46,16,1,1005,1341,59,13,13,60,44,11,1,0,120,59,179,12,2,2,305,84,15,5,0,415,110,524,17,4,4,94,40,7,3,0,170,60,230,10,2,2,151,50,7,3,1,219,87,307,16,3,4,71,16,7,4,0,81,20,101,5,2,2,0
10/11/2021,933,336,51,9,0,959,1282,56,12,12,108,66,10,1,0,113,56,168,12,1,2,361,105,12,1,0,394,107,501,16,4,4,177,56,10,0,0,165,58,223,10,2,2,221,85,14,6,0,210,83,293,15,4,4,66,24,5,1,0,78,19,97,5,2,2,0
10/12/2021,1130,313,46,3,1,940,1254,53,12,12,124,48,7,0,0,106,54,160,11,1,1,456,118,11,1,0,387,104,491,13,4,4,201,55,9,0,0,162,57,218,10,2,2,236,76,18,1,1,206,81,287,15,4,4,112,16,4,1,0,79,18,97,5,2,2,0
10/13/2021,1103,295,69,9,0,934,1242,54,11,11,119,52,14,1,0,104,53,156,11,1,1,404,105,22,2,0,375,105,480,15,3,3,228,51,14,0,0,163,54,217,10,1,1,238,59,15,5,0,207,76,283,14,4,4,114,28,8,1,0,85,20,104,5,2,2,0
10/14/2021,1021,309,46,8,0,927,1224,52,10,10,108,61,11,0,0,102,53,154,11,0,0,426,114,10,2,0,379,104,482,15,3,3,174,46,7,1,0,162,50,213,10,1,1,202,70,17,4,0,198,71,269,14,4,4,111,18,2,1,0,87,19,106,5,2,2,0
10/15/2021,871,256,54,7,1,907,1191,54,9,9,111,39,11,2,0,99,51,150,11,1,1,317,91,11,2,0,360,102,462,15,2,2,158,32,14,0,0,161,46,207,10,1,1,205,70,15,3,1,200,65,265,14,4,4,80,24,3,0,0,87,20,107,5,1,1,0
10/16/2021,484,201,48,6,0,889,1167,51,8,9,53,27,10,0,0,98,48,146,11,1,1,192,75,15,4,0,352,99,450,14,2,2,55,34,5,0,0,155,45,200,9,1,1,137,45,13,1,0,199,65,264,14,3,4,47,20,6,1,0,86,21,107,5,1,1,0
10/17/2021,580,217,46,9,2,875,1150,51,7,8,47,41,2,2,0,96,48,143,9,1,1,256,76,28,3,1,345,98,442,16,2,2,79,35,7,1,0,153,44,197,9,0,0,132,51,9,3,1,196,65,261,14,3,4,66,14,2,0,0,85,21,106,4,1,1,0
10/18/2021,850,328,51,9,2,863,1137,51,7,8,105,55,10,1,0,95,46,141,9,1,1,356,113,17,4,2,344,99,443,16,3,3,137,58,1,0,0,147,44,192,8,0,0,172,75,15,3,0,189,64,253,15,3,3,80,27,9,1,0,87,21,108,5,1,1,0
10/19/2021,787,220,47,11,1,814,1075,52,8,9,92,40,12,1,0,91,45,136,10,1,1,309,81,18,3,0,323,94,416,17,3,3,133,39,6,3,1,138,42,180,8,1,1,171,46,9,3,0,180,59,239,13,3,3,82,14,3,1,0,83,21,104,5,1,1,0
10/20/2021,789,220,51,6,1,769,1019,49,8,9,98,32,9,1,0,88,42,130,9,1,1,291,83,18,3,0,307,90,397,17,3,3,153,41,10,0,1,127,41,168,7,1,1,173,56,8,2,0,170,59,229,12,3,3,74,8,6,0,0,77,18,95,4,1,1,0
10/21/2021,805,208,44,13,0,738,974,49,9,10,84,48,7,2,0,84,40,125,9,1,1,340,66,14,3,0,294,84,378,17,3,4,130,42,3,1,0,121,40,161,7,1,1,165,39,15,6,0,165,55,220,12,3,3,86,13,6,1,0,74,17,91,5,1,1,0
10/22/2021,677,230,41,9,1,710,942,47,9,10,86,52,11,2,0,81,42,123,9,1,1,254,70,17,1,1,285,81,366,18,3,4,131,40,3,1,0,117,41,158,5,1,1,133,56,8,3,0,155,53,207,11,3,3,73,12,4,2,0,73,15,88,5,1,1,0
10/23/2021,441,162,42,10,1,704,931,46,10,11,53,33,7,1,0,81,43,124,8,1,1,161,53,17,4,0,281,77,358,18,3,4,92,26,6,0,0,122,40,162,5,1,1,74,38,7,5,1,146,52,197,10,4,4,61,12,7,0,0,75,14,89,5,1,1,0
10/24/2021,437,167,40,14,0,684,903,45,10,11,37,33,8,3,0,79,42,121,9,2,2,195,60,12,4,0,272,75,347,16,3,4,63,24,7,0,0,120,39,158,5,1,1,84,37,8,4,0,139,50,188,10,4,4,57,13,5,3,0,73,14,87,6,1,1,0
10/25/2021,873,256,35,9,0,687,896,43,10,11,92,61,5,2,0,77,43,120,8,2,2,356,87,14,5,0,272,71,344,16,3,3,161,51,4,0,0,123,38,161,6,1,1,183,46,10,2,0,140,45,186,9,4,4,81,11,2,0,0,73,12,85,5,1,1,0
10/26/2021,591,165,36,8,0,659,860,41,10,10,64,26,4,2,0,73,41,114,7,2,2,235,57,17,2,0,262,68,330,16,3,3,98,35,4,1,0,118,37,155,5,0,1,125,36,8,2,0,134,44,178,9,3,4,69,11,3,1,0,72,11,83,5,1,1,0
10/27/2021,752,228,38,9,1,654,856,39,10,11,98,42,7,0,0,73,42,116,7,2,2,286,69,15,5,1,261,66,327,15,3,4,144,52,6,1,0,117,39,156,5,1,1,154,53,9,3,0,131,44,175,9,4,4,70,12,1,0,0,71,12,83,4,1,1,0
10/28/2021,723,211,33,7,0,642,845,38,9,10,81,42,9,1,0,73,41,114,7,2,2,307,84,10,2,0,256,69,325,15,3,4,119,37,9,1,0,115,38,153,6,1,1,143,33,4,2,0,128,43,171,8,3,3,73,15,1,1,0,69,12,81,3,1,1,0
10/29/2021,628,210,28,4,0,635,835,36,9,9,85,29,6,1,0,73,38,111,7,1,1,228,63,8,0,0,253,68,320,13,3,3,121,51,7,1,0,114,39,153,6,1,1,140,52,5,2,0,129,42,171,7,3,3,54,15,3,0,0,66,13,79,3,1,1,0
10/30/2021,387,164,23,9,0,627,827,33,9,9,39,24,6,0,0,71,37,108,6,1,1,152,60,9,2,0,251,69,320,12,3,3,58,32,1,3,0,109,40,149,5,1,1,99,37,4,4,0,133,42,175,7,3,3,39,11,3,0,0,63,13,76,3,1,1,0
10/31/2021,444,161,27,7,0,628,828,31,8,8,45,22,5,0,0,72,35,107,6,1,1,200,55,7,0,0,252,68,320,11,2,2,57,31,5,1,0,108,41,150,5,1,1,109,43,8,5,0,136,43,179,7,3,3,33,10,3,1,0,60,12,72,2,0,0,0
11/01/2021,766,295,33,4,0,613,818,31,7,7,73,55,5,0,0,69,34,104,6,1,1,307,97,10,2,0,245,69,314,11,2,2,137,56,4,1,0,105,42,147,5,1,1,192,71,11,1,0,137,46,184,7,3,3,57,16,4,0,0,56,13,69,3,0,0,0
11/02/2021,790,258,40,7,0,641,860,32,7,7,72,46,10,1,0,70,37,108,7,0,0,302,85,13,2,0,255,73,328,10,2,2,170,59,4,0,0,115,45,161,5,1,1,185,55,8,1,0,146,49,195,7,3,3,60,13,5,3,0,55,13,68,3,1,1,0
11/03/2021,805,297,42,7,0,649,877,32,6,6,72,42,10,1,0,67,37,104,7,1,1,297,72,18,2,0,256,74,330,11,1,1,171,71,4,1,0,119,48,167,5,1,1,200,101,8,3,0,153,56,209,7,3,3,65,11,3,0,0,54,13,67,3,1,1,0
11/04/2021,885,273,36,4,0,672,909,33,6,6,108,52,6,0,0,71,39,109,7,0,0,336,86,14,3,0,260,74,334,11,2,2,203,57,4,0,0,131,51,182,4,1,1,185,69,9,0,0,159,61,220,8,2,2,53,9,3,1,0,52,12,64,3,1,1,0
11/05/2021,755,278,28,5,0,690,937,33,6,6,89,40,10,1,0,71,40,111,7,0,0,290,70,9,3,0,269,75,344,11,2,2,141,71,4,0,0,134,54,188,4,1,1,183,81,4,1,0,165,65,230,7,2,2,52,16,4,0,0,51,12,64,4,1,1,0
11/06/2021,478,241,29,10,2,703,961,34,6,7,49,37,9,1,0,73,42,115,8,1,1,192,79,12,2,0,275,78,353,12,2,2,70,54,2,0,0,136,57,193,4,0,0,128,54,4,4,1,169,68,237,7,2,2,39,17,3,3,1,51,13,64,4,1,1,0
11/07/2021,530,233,32,8,0,716,983,34,6,7,45,40,3,0,0,73,45,117,8,1,1,197,86,13,3,0,274,82,357,13,2,2,101,43,3,1,0,142,59,201,4,0,0,134,44,10,2,0,172,68,240,8,2,2,53,20,5,2,0,54,15,69,4,1,1,11000
11/08/2021,1089,315,43,5,0,762,1032,36,7,7,132,49,14,2,0,81,44,125,9,1,1,395,91,14,1,0,287,81,368,13,2,2,222,79,3,1,0,154,62,216,3,0,0,255,69,6,1,0,181,68,249,7,2,2,85,26,6,0,0,58,16,74,4,1,1,11000
11/09/2021,990,287,23,10,0,790,1065,33,7,7,96,43,3,3,0,84,43,128,8,1,1,346,80,4,3,0,293,81,374,12,2,2,233,65,4,0,0,163,63,226,3,0,0,229,80,7,2,0,188,71,259,7,2,2,86,19,6,2,0,62,17,79,4,1,1,11000
11/10/2021,990,346,31,3,0,817,1099,32,6,7,116,51,8,0,0,91,45,135,8,1,1,354,97,12,1,0,301,84,386,11,2,2,226,71,2,1,0,171,63,234,3,0,0,227,100,7,1,0,192,71,263,7,2,2,67,27,3,0,0,62,19,81,4,1,1,11000
11/11/2021,799,302,33,4,0,804,1090,31,6,7,85,46,9,1,0,87,44,131,8,1,1,324,90,12,3,0,300,85,384,11,2,2,155,58,2,0,0,164,63,227,3,0,0,193,91,8,0,0,193,74,267,7,2,2,42,17,2,0,0,61,20,81,4,1,1,11000
11/12/2021,829,281,16,6,2,815,1101,30,7,7,72,34,2,1,0,85,43,128,7,1,1,301,85,4,2,2,301,87,388,10,2,2,169,61,2,0,0,168,62,230,3,0,0,205,77,8,1,0,196,74,269,7,2,2,82,24,0,2,0,65,21,86,4,1,1,11000
11/13/2021,440,185,1,2,2,810,1088,26,5,6,46,18,0,1,0,85,40,125,6,1,1,178,68,1,0,2,299,85,385,9,2,2,76,50,0,0,0,169,61,230,2,0,0,102,36,0,0,0,192,71,263,7,1,1,37,13,0,1,0,65,21,85,3,1,1,11000
